merhamo.test+1@namespace.jp,Password00_,渡辺,太郎,ワタナベ,タロウ,1983年10月07日,08012341234,120-0001,1234567890123,taro,音楽大学／芸術大学,東京藝術大学,音楽学部,2005,random skills,ジャズ、ファンク、ポップスを横断する才能豊かなギタリスト。新たな音楽の地平を切り開く。,一緒に音楽の旅をしましょう、心を込めて演奏します。
merhamo.test+2@namespace.jp,Password00_,山本,花子,ヤマモト,ハナコ,1987年07月28日,08012341235,120-0001,1234567890123,hana,音楽大学／芸術大学,広島文化学園大学,音楽学部,2009,random skills,コンテンポラリー音楽の分野で注目される作曲家兼演奏家。ユニークな音楽性が魅力。,音楽で感動の瞬間を、あなたに届けたいです。
merhamo.test+3@namespace.jp,Password00_,中村,結衣,ナカムラ,ユイ,1991年10月08日,08012341236,120-0001,1234567890123,ゆい,音楽大学／芸術大学,東京藝術大学,音楽学部,2013,random skills,ジャズ、ファンク、ポップスを横断する才能豊かなギタリスト。新たな音楽の地平を切り開く。,音楽の力で世界中の人々を繋げることが夢です。
merhamo.test+4@namespace.jp,Password00_,田中,さくら,タナカ,サクラ,1993年06月18日,08012341237,120-0001,1234567890123,さくら,音楽大学／芸術大学,広島文化学園大学,音楽学部,2015,random skills,音楽の力で感動を与えるアーティスト。コンサートやイベントで多くの観客を魅了。,感動的な音楽で、人生の特別な瞬間を彩ります。
merhamo.test+5@namespace.jp,Password00_,佐藤,花子,サトウ,ハナコ,1989年08月12日,08012341238,120-0001,1234567890123,さと,音楽系専門学校,random,random,2011,random skills,伝統的な日本音楽に新しい息吹を吹き込むアーティスト。国内外で高い評価を受ける。,音楽の魅力を世界に伝えることが私の使命です。
merhamo.test+6@namespace.jp,Password00_,鈴木,太郎,スズキ,タロウ,1996年02月11日,08012341239,120-0001,1234567890123,ベルツリー,音楽大学／芸術大学,大阪音楽大学,音楽学部,2018,random skills,伝統的な楽器を使った斬新な演奏で評価が高い。音楽を通じて文化の架け橋となる。,音楽で世界を変える、それが私の目標です。
merhamo.test+7@namespace.jp,Password00_,佐藤,勇気,サトウ,ユウキ,1997年11月26日,08012341240,120-0001,1234567890123,ゆｋ,音楽系専門学校,ESPギタークラフト・アカデミー 大阪校,音楽学部,2024,random skills,伝統的な楽器を使った斬新な演奏で評価が高い。音楽を通じて文化の架け橋となる。,情熱と創造性で、聴く人の心に残る演奏を。
merhamo.test+8@namespace.jp,Password00_,田中,大輔,タナカ,ダイスケ,1980年10月17日,08012341241,120-0001,1234567890123,ダイスケ,音楽大学／芸術大学,東京藝術大学,音楽学部,2025,random skills,ジャズとクラシックを融合させたユニークなスタイルのピアニスト。感動的な演奏で知られる。,音楽のすべてを愛し、その魅力を伝えたい。
merhamo.test+9@namespace.jp,Password00_,佐藤,花子,サトウ,ハナコ,1989年01月31日,08012341242,120-0001,1234567890123,さとお,音楽大学／芸術大学,大阪音楽大学,音楽学部,2011,random skills,ジャズとクラシックを融合させたユニークなスタイルのピアニスト。感動的な演奏で知られる。,一緒に音楽の旅をしましょう、心を込めて演奏します。
merhamo.test+10@namespace.jp,Password00_,田中,健太,タナカ,ケンタ,1991年05月04日,08012341243,120-0001,1234567890123,kenta,音楽系専門学校,random,random,2013,random skills,伝統的な楽器を使った斬新な演奏で評価が高い。音楽を通じて文化の架け橋となる。,音楽で感動の瞬間を、あなたに届けたいです。
merhamo.test+11@namespace.jp,Password00_,鈴木,大輔,スズキ,ダイスケ,1998年01月03日,08012341244,120-0001,1234567890123,ずーすず,音楽大学／芸術大学,東京藝術大学,音楽学部,2020,random skills,革新的なスタイルで知られる若手の才能。クラシックから現代音楽まで幅広く演奏。,音楽の力で世界中の人々を繋げることが夢です。
merhamo.test+12@namespace.jp,Password00_,渡辺,美咲,ワタナベ,ミサキ,1994年10月02日,08012341245,120-0001,1234567890123,なべ,音楽系専門学校,random,random,2016,random skills,伝統的な日本音楽に新しい息吹を吹き込むアーティスト。国内外で高い評価を受ける。,感動的な音楽で、人生の特別な瞬間を彩ります。
merhamo.test+13@namespace.jp,Password00_,渡辺,さくら,ワタナベ,サクラ,1998年12月30日,08012341246,120-0001,1234567890123,わた,音楽大学／芸術大学,大阪音楽大学,音楽学部,2020,random skills,情熱的な演奏で知られる音楽家。多様なジャンルに精通し、創造性豊かな音楽性を追求。,音楽の魅力を世界に伝えることが私の使命です。
merhamo.test+14@namespace.jp,Password00_,加藤,健太,カトウ,ケンタ,1998年07月20日,08012341247,120-0001,1234567890123,ケンティー,音楽大学／芸術大学,大阪音楽大学,音楽学部,2027,random skills,革新的なスタイルで知られる若手の才能。クラシックから現代音楽まで幅広く演奏。,音楽で世界を変える、それが私の目標です。
merhamo.test+15@namespace.jp,Password00_,佐藤,次郎,サトウ,ジロウ,1990年12月04日,08012341248,120-0001,1234567890123,じろ,音楽大学／芸術大学,広島文化学園大学,音楽学部,2012,random skills,音楽の力で感動を与えるアーティスト。コンサートやイベントで多くの観客を魅了。,情熱と創造性で、聴く人の心に残る演奏を。
merhamo.test+16@namespace.jp,Password00_,加藤,次郎,カトウ,ジロウ,1985年01月17日,08012341249,120-0001,1234567890123,かああああああああと,音楽大学／芸術大学,広島文化学園大学,音楽学部,2007,random skills,音楽教育にも力を入れる実力派ミュージシャン。新しい世代に音楽の喜びを伝える。,音楽のすべてを愛し、その魅力を伝えたい。
merhamo.test+17@namespace.jp,Password00_,加藤,太郎,カトウ,タロウ,1998年04月09日,08012341250,120-0001,1234567890123,たろおおおおおすえ,音楽大学／芸術大学,東京藝術大学,音楽学部,2024,random skills,革新的なスタイルで知られる若手の才能。クラシックから現代音楽まで幅広く演奏。,一緒に音楽の旅をしましょう、心を込めて演奏します。
merhamo.test+18@namespace.jp,Password00_,田中,結衣,タナカ,ユイ,1990年11月27日,08012341251,120-0001,1234567890123,yuitkekka afababababa,音楽系専門学校,random,random,2012,random skills,ジャズとクラシックを融合させたユニークなスタイルのピアニスト。感動的な演奏で知られる。,音楽で感動の瞬間を、あなたに届けたいです。
merhamo.test+19@namespace.jp,Password00_,田中,大輔,タナカ,ダイスケ,1985年08月12日,08012341252,120-0001,1234567890123,アブノーマルたなか,音楽系専門学校,random,random,2007,random skills,音楽を通じて社会にメッセージを投げかけるシンガーソングライター。心に響く歌詞が特徴。,音楽の力で世界中の人々を繋げることが夢です。
merhamo.test+20@namespace.jp,Password00_,山本,大輔,ヤマモト,ダイスケ,1985年01月06日,08012341253,120-0001,1234567890123,音楽家デビューたかなか,音楽大学／芸術大学,広島文化学園大学,音楽学部,2007,random skills,ジャズ、ファンク、ポップスを横断する才能豊かなギタリスト。新たな音楽の地平を切り開く。,感動的な音楽で、人生の特別な瞬間を彩ります。
merhamo.test+21@namespace.jp,Password00_,鈴木,花子,スズキ,ハナコ,1983年10月11日,08012341254,120-0001,1234567890123,スズキ＠とうきょ,音楽大学／芸術大学,広島文化学園大学,音楽学部,2005,random skills,伝統的な楽器を使った斬新な演奏で評価が高い。音楽を通じて文化の架け橋となる。,音楽の魅力を世界に伝えることが私の使命です。
merhamo.test+22@namespace.jp,Password00_,高橋,勇気,タカハシ,ユウキ,1982年09月07日,08012341255,120-0001,1234567890123,ゆうき１００％,音楽大学／芸術大学,東京藝術大学,音楽学部,2004,random skills,情熱的な演奏で知られる音楽家。多様なジャンルに精通し、創造性豊かな音楽性を追求。,音楽で世界を変える、それが私の目標です。
merhamo.test+23@namespace.jp,Password00_,佐藤,美咲,サトウ,ミサキ,1989年05月13日,08012341256,120-0001,1234567890123,misaki@バイオリン,音楽系専門学校,random,random,2011,random skills,伝統的な楽器を使った斬新な演奏で評価が高い。音楽を通じて文化の架け橋となる。,情熱と創造性で、聴く人の心に残る演奏を。
merhamo.test+24@namespace.jp,Password00_,田中,さくら,タナカ,サクラ,1983年10月09日,08012341257,120-0001,1234567890123,たなか＠カフェ演奏家,音楽大学／芸術大学,広島文化学園大学,音楽学部,2005,random skills,音楽教育にも力を入れる実力派ミュージシャン。新しい世代に音楽の喜びを伝える。,音楽のすべてを愛し、その魅力を伝えたい。
merhamo.test+25@namespace.jp,Password00_,小林,結衣,コバヤシ,ユイ,1980年10月28日,08012341258,120-0001,1234567890123,yuuy,音楽大学／芸術大学,広島文化学園大学,音楽学部,2002,random skills,音楽の力で感動を与えるアーティスト。コンサートやイベントで多くの観客を魅了。,一緒に音楽の旅をしましょう、心を込めて演奏します。
merhamo.test+26@namespace.jp,Password00_,山本,結衣,ヤマモト,ユイ,1981年08月15日,08012341259,120-0001,1234567890123,yamamotooo,音楽大学／芸術大学,東京藝術大学,音楽学部,2003,random skills,伝統的な楽器を使った斬新な演奏で評価が高い。音楽を通じて文化の架け橋となる。,音楽で感動の瞬間を、あなたに届けたいです。
merhamo.test+27@namespace.jp,Password00_,伊藤,さくら,イトウ,サクラ,1990年08月18日,08012341260,120-0001,1234567890123,さくら春な,音楽系専門学校,random,random,2012,random skills,伝統的な日本音楽に新しい息吹を吹き込むアーティスト。国内外で高い評価を受ける。,音楽の力で世界中の人々を繋げることが夢です。
merhamo.test+28@namespace.jp,Password00_,小林,大輔,コバヤシ,ダイスケ,1989年09月07日,08012341261,120-0001,1234567890123,だいちゃｎ,音楽大学／芸術大学,大阪音楽大学,音楽学部,2026,random skills,音楽教育にも力を入れる実力派ミュージシャン。新しい世代に音楽の喜びを伝える。,感動的な音楽で、人生の特別な瞬間を彩ります。
merhamo.test+29@namespace.jp,Password00_,伊藤,大輔,イトウ,ダイスケ,1981年12月22日,08012341262,120-0001,1234567890123,わたなべ@yurcompany,音楽大学／芸術大学,東京藝術大学,音楽学部,2003,random skills,ジャズ、ファンク、ポップスを横断する才能豊かなギタリスト。新たな音楽の地平を切り開く。,音楽の魅力を世界に伝えることが私の使命です。
merhamo.test+30@namespace.jp,Password00_,渡辺,優子,ワタナベ,ユウコ,1982年10月11日,08012341263,120-0001,1234567890123,nabebbe,音楽系専門学校,random,random,2004,random skills,伝統的な楽器を使った斬新な演奏で評価が高い。音楽を通じて文化の架け橋となる。,音楽で世界を変える、それが私の目標です。